CTName,Number
0,John Doe 0
1,John Doe 1
2,John Doe 2
3,John Doe 3
4,John Doe 4
5,John Doe 5
6,John Doe 6
7,John Doe 7
8,John Doe 8
9,John Doe 9
10,John Doe 10
11,John Doe 11
12,John Doe 12
13,John Doe 13
14,John Doe 14
15,John Doe 15
16,John Doe 16
17,John Doe 17
18,John Doe 18
19,John Doe 19
20,John Doe 20
21,John Doe 21
22,John Doe 22
23,John Doe 23
24,John Doe 24
25,John Doe 25
26,John Doe 26
27,John Doe 27
28,John Doe 28
29,John Doe 29
30,John Doe 30
31,John Doe 31
32,John Doe 32
33,John Doe 33
34,John Doe 34
35,John Doe 35
36,John Doe 36
37,John Doe 37
38,John Doe 38
39,John Doe 39
40,John Doe 40
41,John Doe 41
42,John Doe 42
43,John Doe 43
44,John Doe 44
45,John Doe 45
46,John Doe 46
47,John Doe 47
48,John Doe 48
49,John Doe 49
50,John Doe 50
